case,mode,precision_at_k,recall_at_k,p50_ms,p95_ms,first_query_ms,stored_records,stored_content_bytes,prompt_utf8_units,budget_ok,stale_or_sensitive,cross_user_leak,passed,actual
recall,baseline,0.5,1.0,11.594200041145086,27.225000085309148,27.225000085309148,2,30,441,True,False,False,False,coffee|sport
recall,improved,1.0,1.0,10.351500008255243,11.31339999847114,11.31339999847114,2,30,342,True,False,False,True,coffee
changed-location,baseline,0.5,1.0,12.693800032138824,13.832999975420535,12.305899988859892,2,33,447,True,True,False,False,home-new|home
changed-location,improved,1.0,1.0,10.96079999115318,12.556300032883883,11.977100046351552,1,14,344,True,False,False,True,home
changed-preference,baseline,0.5,1.0,11.190799996256828,14.492499991320074,14.492499991320074,2,33,446,True,True,False,False,drink|drink-new
changed-preference,improved,0.0,0.0,10.482399957254529,12.134899967350066,11.670100037008524,1,18,201,True,False,False,False,
isolation,baseline,1.0,1.0,11.60099997650832,11.989000020548701,11.60099997650832,2,30,328,True,False,False,True,mine
isolation,improved,1.0,1.0,11.13409991376102,11.484899907372892,11.159999994561076,2,30,351,True,False,False,True,mine
empty-user,baseline,1.0,1.0,0.30519999563694,1.828799955546856,1.828799955546856,1,15,199,True,False,False,True,
empty-user,improved,1.0,1.0,7.871299982070923,9.121399954892695,7.829400012269616,1,15,199,True,False,False,True,
unrelated-query,baseline,0.0,0.0,12.101399945095181,14.076299965381622,14.076299965381622,1,15,329,True,False,False,False,drink
unrelated-query,improved,1.0,1.0,14.562200056388974,16.81910001207143,14.562200056388974,1,15,209,True,False,False,True,
email,baseline,0.0,0.0,10.855400003492832,12.606200063601136,12.606200063601136,1,30,336,True,True,False,False,private
email,improved,1.0,1.0,10.149299982003868,12.324700015597045,12.324700015597045,0,0,201,True,False,False,True,
secret,baseline,0.0,0.0,9.712300030514598,10.633699945174158,10.465300059877336,1,30,340,True,True,False,False,private
secret,improved,1.0,1.0,7.1897999150678515,9.800200001336634,9.800200001336634,0,0,205,True,False,False,True,
duplicate,baseline,0.5,1.0,9.281900012865663,11.840399936772883,11.840399936772883,2,30,441,True,False,False,False,first|repeat
duplicate,improved,1.0,1.0,9.22429992351681,9.844999993219972,9.22429992351681,1,15,342,True,False,False,True,first
deletion,baseline,0.0,0.0,10.634099948219955,11.880400008521974,11.880400008521974,1,15,319,True,False,False,False,removed
deletion,improved,1.0,1.0,8.551200036890805,9.958799928426743,9.958799928426743,0,0,199,True,False,False,True,
expiry,baseline,0.0,0.0,8.982399944216013,13.585500069893897,13.585500069893897,1,15,319,True,False,False,False,old
expiry,improved,1.0,1.0,7.590499939396977,8.51790001615882,7.93249998241663,1,15,199,True,False,False,True,
cold-start,baseline,1.0,1.0,0.596199999563396,1.512399991042912,1.512399991042912,0,0,199,True,False,False,True,
cold-start,improved,1.0,1.0,8.211700012907386,10.105299996212125,9.777599945664406,0,0,199,True,False,False,True,
bounded-context,baseline,1.0,1.0,9.286200045607984,12.185500003397465,12.185500003397465,3,47,565,True,False,False,True,short|long1|long2
bounded-context,improved,1.0,0.6666666666666666,10.426799999549985,11.213500052690506,10.062800021842122,2,30,487,True,False,False,False,short|long1
negative-preference,baseline,0.5,1.0,9.576400043442845,11.22169999871403,11.22169999871403,2,29,440,True,True,False,False,drink|drink-new
negative-preference,improved,1.0,1.0,10.138999903574586,11.359299998730421,9.991700062528253,1,16,343,True,False,False,True,drink
ranking-distractor,baseline,1.0,1.0,12.100800056941807,14.981199987232685,14.981199987232685,2,44,332,True,False,False,True,good
ranking-distractor,improved,1.0,1.0,10.220699943602085,12.421200051903725,12.421200051903725,2,44,355,True,False,False,True,good
type-provenance,baseline,0.5,1.0,11.27070002257824,12.230099993757904,12.230099993757904,2,37,457,True,False,False,False,skill|hobby
type-provenance,improved,1.0,1.0,10.823599994182587,11.343599995598197,10.685599991120398,2,37,356,True,False,False,True,skill
